restaurant_code,total_revenue,average_rating,total_quantity,total_orders,percent_on_time
R100,280.67,2.4,3,1,0.0
R101,3289.07,2.9333333333333336,21,3,66.66666666666666
R102,6794.12,4.0,19,2,0.0
R103,3732.01,3.233333333333333,12,3,66.66666666666666
R104,2965.83,3.1666666666666665,17,3,66.66666666666666
R106,385.45,2.5,2,1,100.0
R107,1785.52,4.6,5,1,0.0
